{
  "experiment": {
    "static_only": true,
    "seeds": 3,
    "seed_indices": [
      0,
      1,
      2
    ],
    "alns_max_iter": 100,
    "reference": "B3_Graph_ALNS"
  },
  "variants": {
    "B1_Plain_ALNS": {
      "label": "B1 Plain ALNS",
      "metrics": {
        "makespan_s": {
          "mean": 6740.115678273505,
          "std": 61.2482556637294,
          "ci95": [
            6687.507699999999,
            6807.3543628205125
          ],
          "n": 3
        },
        "distance_m": {
          "mean": 63873.33890999999,
          "std": 2123.1384656107975,
          "ci95": [
            61513.22978999999,
            65627.96343999999
          ],
          "n": 3
        },
        "energy_kwh": {
          "mean": 200.6182725478221,
          "std": 6.948914089815646,
          "ci95": [
            192.69034944327208,
            205.6538839794397
          ],
          "n": 3
        },
        "load_std_s": {
          "mean": 3544.9838714635594,
          "std": 247.2213615261599,
          "ci95": [
            3313.773340166765,
            3805.5879966176053
          ],
          "n": 3
        },
        "runtime_s": {
          "mean": 68.8501337046667,
          "std": 10.231303573863004,
          "ci95": [
            57.70388517399988,
            77.81448644800003
          ],
          "n": 3
        }
      },
      "paired_vs_B3": {
        "makespan_s": {
          "B3_improvement_mean": -101.96229216722259,
          "B3_improvement_pct": -1.5127676887786063,
          "sign_test_p": 0.25
        },
        "distance_m": {
          "B3_improvement_mean": -3594.5861299999983,
          "B3_improvement_pct": -5.627678451356535,
          "sign_test_p": 0.25
        },
        "energy_kwh": {
          "B3_improvement_mean": -11.70442600096255,
          "B3_improvement_pct": -5.834177441724568,
          "sign_test_p": 0.25
        },
        "load_std_s": {
          "B3_improvement_mean": 96.2249641220128,
          "B3_improvement_pct": 2.7143977973103155,
          "sign_test_p": 1.0
        },
        "runtime_s": {
          "B3_improvement_mean": 23.40840763966632,
          "B3_improvement_pct": 33.999073611210264,
          "sign_test_p": 0.25
        }
      }
    },
    "B2_Graph_Greedy": {
      "label": "B2 Graph + Greedy",
      "metrics": {
        "makespan_s": {
          "mean": 8621.96596949891,
          "std": 370.1748196461864,
          "ci95": [
            8248.772369444443,
            8989.046286111112
          ],
          "n": 3
        },
        "distance_m": {
          "mean": 103612.16603000001,
          "std": 7455.812092062332,
          "ci95": [
            97405.33743999997,
            111882.35815
          ],
          "n": 3
        },
        "energy_kwh": {
          "mean": 291.86839718300774,
          "std": 17.1811729835683,
          "ci95": [
            276.74439811816757,
            310.54980291838365
          ],
          "n": 3
        },
        "load_std_s": {
          "mean": 3325.411766911886,
          "std": 177.3111551086254,
          "ci95": [
            3120.6720029506464,
            3428.4654001462527
          ],
          "n": 3
        },
        "runtime_s": {
          "mean": 0.0009639249998751135,
          "std": 2.9584474348947935e-05,
          "ci95": [
            0.0009442010004931944,
            0.0009979419992305338
          ],
          "n": 3
        }
      },
      "paired_vs_B3": {
        "makespan_s": {
          "B3_improvement_mean": 1779.8879990581834,
          "B3_improvement_pct": 20.64364444669255,
          "sign_test_p": 0.25
        },
        "distance_m": {
          "B3_improvement_mean": 36144.24099,
          "B3_improvement_pct": 34.88416696117977,
          "sign_test_p": 0.25
        },
        "energy_kwh": {
          "B3_improvement_mean": 79.54569863422311,
          "B3_improvement_pct": 27.25396082685384,
          "sign_test_p": 0.25
        },
        "load_std_s": {
          "B3_improvement_mean": -123.34714042966107,
          "B3_improvement_pct": -3.7092290842588285,
          "sign_test_p": 1.0
        },
        "runtime_s": {
          "B3_improvement_mean": -45.440762140000516,
          "B3_improvement_pct": -4714138.7707433505,
          "sign_test_p": 0.25
        }
      }
    },
    "B3_Graph_ALNS": {
      "label": "B3 Graph + ALNS (full)",
      "metrics": {
        "makespan_s": {
          "mean": 6842.077970440726,
          "std": 44.79629959096667,
          "ci95": [
            6807.515373611111,
            6892.6876146341465
          ],
          "n": 3
        },
        "distance_m": {
          "mean": 67467.92503999999,
          "std": 2397.156511332435,
          "ci95": [
            64717.97723,
            69116.21125999998
          ],
          "n": 3
        },
        "energy_kwh": {
          "mean": 212.32269854878464,
          "std": 7.206894352134031,
          "ci95": [
            204.36965972805078,
            218.4208226206628
          ],
          "n": 3
        },
        "load_std_s": {
          "mean": 3448.758907341547,
          "std": 96.57832856552344,
          "ci95": [
            3379.349049743161,
            3559.0553521967036
          ],
          "n": 3
        },
        "runtime_s": {
          "mean": 45.44172606500039,
          "std": 4.772765887274579,
          "ci95": [
            40.90827984000043,
            50.42233812300037
          ],
          "n": 3
        }
      },
      "paired_vs_B3": {}
    },
    "B4_no_adaptive": {
      "label": "B4 w/o adaptive weights",
      "metrics": {
        "makespan_s": {
          "mean": 6857.909594951309,
          "std": 32.26139372970226,
          "ci95": [
            6828.959247142856,
            6892.6876146341465
          ],
          "n": 3
        },
        "distance_m": {
          "mean": 67998.17528333333,
          "std": 609.7400861035547,
          "ci95": [
            67356.23965999999,
            68569.58663
          ],
          "n": 3
        },
        "energy_kwh": {
          "mean": 212.49128694457343,
          "std": 1.4782297639359834,
          "ci95": [
            211.41923338335707,
            214.1776132976403
          ],
          "n": 3
        },
        "load_std_s": {
          "mean": 3608.412989387047,
          "std": 188.46199095374877,
          "ci95": [
            3407.8723200847767,
            3781.8646194701364
          ],
          "n": 3
        },
        "runtime_s": {
          "mean": 49.9347115106666,
          "std": 2.05825415610042,
          "ci95": [
            47.86306631499974,
            51.979308021999714
          ],
          "n": 3
        }
      },
      "paired_vs_B3": {
        "makespan_s": {
          "B3_improvement_mean": 15.831624510581605,
          "B3_improvement_pct": 0.23085204450984032,
          "sign_test_p": 0.5
        },
        "distance_m": {
          "B3_improvement_mean": 530.2502433333357,
          "B3_improvement_pct": 0.7798006948332075,
          "sign_test_p": 1.0
        },
        "energy_kwh": {
          "B3_improvement_mean": 0.1685883957887976,
          "B3_improvement_pct": 0.07933896877041009,
          "sign_test_p": 1.0
        },
        "load_std_s": {
          "B3_improvement_mean": 159.65408204550022,
          "B3_improvement_pct": 4.424495824482117,
          "sign_test_p": 0.5
        },
        "runtime_s": {
          "B3_improvement_mean": 4.4929854456662115,
          "B3_improvement_pct": 8.997719842051076,
          "sign_test_p": 1.0
        }
      }
    },
    "B5_no_SA": {
      "label": "B5 w/o simulated annealing",
      "metrics": {
        "makespan_s": {
          "mean": 6798.267711330317,
          "std": 118.74079691828204,
          "ci95": [
            6721.08987179487,
            6934.999703529411
          ],
          "n": 3
        },
        "distance_m": {
          "mean": 66223.4059,