{
  "experiment": {
    "static_only": true,
    "seeds": 20,
    "seed_indices": [
      0,
      1,
      2,
      3,
      4,
      5,
      6,
      7,
      8,
      9,
      10,
      11,
      12,
      13,
      14,
      15,
      16,
      17,
      18,
      19
    ],
    "alns_max_iter": 100,
    "reference": "B3_Graph_ALNS"
  },
  "variants": {
    "B1_Plain_ALNS": {
      "label": "B1 Plain ALNS",
      "metrics": {
        "makespan_s": {
          "mean": 3495.967242332609,
          "std": 39.78606765121225,
          "ci95": [
            3479.6125873383244,
            3513.7590470722907
          ],
          "n": 20
        },
        "distance_m": {
          "mean": 32755.710669499997,
          "std": 1623.1808070001714,
          "ci95": [
            32111.355317187496,
            33511.854289375
          ],
          "n": 20
        },
        "energy_kwh": {
          "mean": 98.01079500846905,
          "std": 4.347017846881575,
          "ci95": [
            96.27654953920745,
            100.04444184572942
          ],
          "n": 20
        },
        "load_std_s": {
          "mean": 1771.0674341957601,
          "std": 151.17354450831382,
          "ci95": [
            1706.1237360111888,
            1837.0680253118187
          ],
          "n": 20
        },
        "runtime_s": {
          "mean": 0.6676324372998351,
          "std": 0.09082559304318547,
          "ci95": [
            0.631351744849784,
            0.7065181944922938
          ],
          "n": 20
        }
      },
      "paired_vs_B3": {
        "makespan_s": {
          "B3_improvement_mean": -41.32882737801301,
          "B3_improvement_pct": -1.1821857732979568,
          "sign_test_p": 0.11531829833984375
        },
        "distance_m": {
          "B3_improvement_mean": -1758.6944484999997,
          "B3_improvement_pct": -5.369123162202011,
          "sign_test_p": 0.11531829833984375
        },
        "energy_kwh": {
          "B3_improvement_mean": -3.603449728061817,
          "B3_improvement_pct": -3.676584531071751,
          "sign_test_p": 0.04138946533203125
        },
        "load_std_s": {
          "B3_improvement_mean": 12.408069001213402,
          "B3_improvement_pct": 0.7005983375696755,
          "sign_test_p": 0.26317596435546875
        },
        "runtime_s": {
          "B3_improvement_mean": 0.2633956797998508,
          "B3_improvement_pct": 39.452199306721106,
          "sign_test_p": 1.9073486328125e-06
        }
      }
    },
    "B2_Graph_Greedy": {
      "label": "B2 Graph + Greedy",
      "metrics": {
        "makespan_s": {
          "mean": 4490.920494298066,
          "std": 295.74908312024417,
          "ci95": [
            4371.560414156608,
            4620.9620817053465
          ],
          "n": 20
        },
        "distance_m": {
          "mean": 41580.96741900001,
          "std": 1636.5583656256115,
          "ci95": [
            40924.42126455001,
            42336.515064600004
          ],
          "n": 20
        },
        "energy_kwh": {
          "mean": 116.82004606782489,
          "std": 3.926260048883926,
          "ci95": [
            115.20897517628568,
            118.64709811235605
          ],
          "n": 20
        },
        "load_std_s": {
          "mean": 1827.8946015001122,
          "std": 174.54286400630764,
          "ci95": [
            1755.9658261115976,
            1902.3878511775204
          ],
          "n": 20
        },
        "runtime_s": {
          "mean": 0.0006064266000976204,
          "std": 6.59292155902866e-05,
          "ci95": [
            0.0005844201726915799,
            0.0006389279899701705
          ],
          "n": 20
        }
      },
      "paired_vs_B3": {
        "makespan_s": {
          "B3_improvement_mean": 953.6244245874434,
          "B3_improvement_pct": 21.234498045516958,
          "sign_test_p": 1.9073486328125e-06
        },
        "distance_m": {
          "B3_improvement_mean": 7066.562301000001,
          "B3_improvement_pct": 16.99470392257157,
          "sign_test_p": 1.9073486328125e-06
        },
        "energy_kwh": {
          "B3_improvement_mean": 15.205801331294012,
          "B3_improvement_pct": 13.016431548456703,
          "sign_test_p": 1.9073486328125e-06
        },
        "load_std_s": {
          "B3_improvement_mean": 69.23523630556484,
          "B3_improvement_pct": 3.7877039654663367,
          "sign_test_p": 1.0
        },
        "runtime_s": {
          "B3_improvement_mean": -0.40363033089988676,
          "B3_improvement_pct": -66558.81038775538,
          "sign_test_p": 1.9073486328125e-06
        }
      }
    },
    "B3_Graph_ALNS": {
      "label": "B3 Graph + ALNS (full)",
      "metrics": {
        "makespan_s": {
          "mean": 3537.2960697106223,
          "std": 41.08916545789139,
          "ci95": [
            3519.1804332097568,
            3554.586453171158
          ],
          "n": 20
        },
        "distance_m": {
          "mean": 34514.405117999995,
          "std": 2552.203450341075,
          "ci95": [
            33470.650987099994,
            35649.3397929875
          ],
          "n": 20
        },
        "energy_kwh": {
          "mean": 101.61424473653088,
          "std": 7.276726476402946,
          "ci95": [
            98.55191909189118,
            104.78392276453452
          ],
          "n": 20
        },
        "load_std_s": {
          "mean": 1758.6593651945466,
          "std": 219.16795341404014,
          "ci95": [
            1662.3249190513136,
            1849.7389154471557
          ],
          "n": 20
        },
        "runtime_s": {
          "mean": 0.4042367574999844,
          "std": 0.07003837853662943,
          "ci95": [
            0.3754542723737507,
            0.43522092214377495
          ],
          "n": 20
        }
      },
      "paired_vs_B3": {}
    },
    "B4_no_adaptive": {
      "label": "B4 w/o adaptive weights",
      "metrics": {
        "makespan_s": {
          "mean": 3528.002491575621,
          "std": 50.7632765691723,
          "ci95": [
            3505.130804954475,
            3548.9555478987304
          ],
          "n": 20
        },
        "distance_m": {
          "mean": 34127.196897500005,
          "std": 2243.403651088434,
          "ci95": [
            33187.94035635,
            35176.1070923125
          ],
          "n": 20
        },
        "energy_kwh": {
          "mean": 100.45781655394077,
          "std": 5.820993188698517,
          "ci95": [
            97.88378080792126,
            102.94689864955089
          ],
          "n": 20
        },
        "load_std_s": {
          "mean": 1766.5058889079996,
          "std": 173.12170788314327,
          "ci95": [
            1693.7047575051135,
            1846.5297681623185
          ],
          "n": 20
        },
        "runtime_s": {
          "mean": 0.39217044435008575,
          "std": 0.04933734136824192,
          "ci95": [
            0.3715494239250836,
            0.41276252548767506
          ],
          "n": 20
        }
      },
      "paired_vs_B3": {
        "makespan_s": {
          "B3_improvement_mean": -9.293578135000597,
          "B3_improvement_pct": -0.2634232304878573,
          "sign_test_p": 0.803619384765625
        },
        "distance_m": {
          "B3_improvement_mean": -387.20822050000027,
          "B3_improvement_pct": -1.1346030606116533,
          "sign_test_p": 0.803619384765625
        },
        "energy_kwh": {
          "B3_improvement_mean": -1.1564281825901142,
          "B3_improvement_pct": -1.1511579907464649,
          "sign_test_p": 0.629058837890625
        },
        "load_std_s": {
          "B3_improvement_mean": 7.846523713453019,
          "B3_improvement_pct": 0.44418327517172906,
          "sign_test_p": 0.803619384765625
        },
        "runtime_s": {
          "B3_improvement_mean": -0.012066313149898634,